;integraarquiteturaeengenharia@gmail.com;(51) 999666158;;Sobradinho;Rua José Bonifácio;87;96900000 ;;;
;gustavo@olimoveis.com.br;(54) 3292.3300 (54) 9.99703606;;Flores da Cunha ;Rua Garibaldi;1020;;;;
;barbara@grupocolmeia.com.br;(51) 3473-0033;;ESTEIO;;;;;;
;eduardo.teixeira@andoraengenharia.com.br;(51) 3072-1518;;Porto Alegre;R. Carlos Huber;940;;91330-150;RS,;
;compras@michelon.com;(53) 3225.6900;;Pelotas;Rua Santa Cruz;2257;;96015-710;;
;compras@vejaengenharia.com.br;53 3227-0017;;Pelotas ;Rua Félix da Cunha;715;;96010-000;;
;marcos.moraes@zaffari.com.br;51- 3363-4787;;PORTO ALEGRE;;;;;;
;eng.valci@wwengenharia.eng.br;(51)3041-2441 (51)98566-2203;;Rua Esperança 209 - Vila Parque Brasília, Cachoeirinha - RS,;Rua Esperança;209;;94935-160;RS,;
; compras03@univates.br ; (51) 3714 -7030 ;;Av.Avelino Talini, 171 - Bairro Universitário, Lajeado/RS - Brasil | ;Av. Avelino Talini;171;;95914-014;/RS;
;felipe@ditreviengenharia.com.br;  51 3121.2152 | 51 3121.2135 ;;Santa Cruz do Sul;Rua Ramiro Barcelos;543;;;;
;;;;;;;;;;
;compras@plastibordo.com.br;(51) 3560-3000;;R. Piracicaba 96 - Emancipacao, Araricá - RS,;R. Piracicaba;96;;93880-000;RS,;
;manutencao@metalsinos.com.br;(51) 3560-3300;;Rod. Rs- 239 3130 - Campo da Brazina, Araricá - RS,;;;;93880-000;RS,;
;junior@tubularte.com.br;(51) 3565 1544 - (51) 999630354;;Rodovia RS239 – Km 338, nº 1850, Araricá - RS,;;;;93880-000;RS,;
;glassral@glassral.com.br;(51) 3599-2369;;Avenida José Antônio de Oliveira Neto R. Azaléia, 1415, Araricá - RS,;R. Azaléia;1415;;93880-000;RS,;
;compras@wsmetais.com.br;(51) 3560-1409;;Araricá;;;;93880-000;;
;;51 35601528;;RodoviaRS 239 51 - Km 37, RS;;;;;RS;
;quasa@metalizacaoquasa.com.br;(51) 3560 1821 ;;Ruado Sírio, 180, Setor 107 / Bairro Campo da Brazina / Araricá/RS / CEP: 93.880-000;Rua do Sírio;180;;;/RS;
;matheus@unicasamoveis.com.br;(54) 3455 4444;;Bento Gonçalves;;;;95707-540;;
;compras@italinea.com.br;(54) 3455.5100;;Bento Gonçalves;;;;;;
;maico@madesa.com;51 - 35348000;;Bom Princípio;;;;95765-000;RS;
;compras@moveisthb.com.br;51 3671-7800;;Distrito Industrial Camaquã;Rua Augusto Blanchardt da Silveira;300;;96180-000;RS;
;;(51) 3692-1347;;Camaquã;Rua Aylton Ulguim Campos;1837;;;;
;compras@calbras.net.br;51 35811644;;Industrial Norte
Campo Bom;Avenida dos Municípios;1305;;93700-000;RS;
;ale@multiformas.ind.br;51 3598 2122 / 3597 4166;;Campo Bom;R. João Lampert;320;;93700-000;RS,;
;carla.siebel@fcc.com.br;51 2129-2200;;Campo Bom;Rua Paineira;20;;;;
;compras@rigabona.com.br;(51) 3585.1500;;Campo Bom;Rua São Paulo;101;;;;
;;(53) 3245.5100 ;;Candiota ;;;;;;
;desireecpoa@gmail.com;;;Canoas;;;;;;
;tuanigomes@yahoo.com.br;;;Canoas;;;;;;
;evargas@essencis.com.br;(51) 3500-3400;;Capela de Santana;;;;95745-000;RS,;
;silvano.tondello@marcopolo.com.br; (54) 2101 - 4155 ;;Caxias do Sul;;;;;;
;rgsilva@essencis.com.br;(41) 3614-3050;;R. dos Palmenses 620 - São Miguel, Curitiba - PR,;R. dos Palmenses;620;;81452-010;PR,;
;marcio.nonenmacher@taqi.com.br;(51) 3564 8300;;Dois Irmãos;;;;;;
;cornelli.sabrina@mahindrabrazil.com;(51) 3191-2020;;Dois Irmãos;Av. Dez de Setembro;1097;;93950-000;RS,;
;glaucia@comilonibus.com.br;54 3520-8700;;Erechim;Rua Alberto Parenti;1382;;99706-404;;
;suprimentos.cai@essencis.com.br;(11) 4442-7300;;Franco da Rocha;;;;07803-970;SP,;
;suprimentos@bortolini.com.br;(54) 3433-2500;;Garibaldi;;;;;;
;rodrigo.avila@thyssenkrupp.com;;;GUAÍBA;;;;;;
;ccwicienski@piccadilly.com.br;(51) 3549-9600;;R. Gen. Ernesto Dorneles 577 - Centro, Igrejinha - RS,;R. Gen. Ernesto Dorneles;577;;95650-000;RS,;
;comprasfaccine@gmail.com;(51) 3545-1396;;Igrejinha;Rua Taquara;166;;;;
;compras@andrina.com.br;51 3545-1821;;AvIldo Menegheti, 860 / Igrejinha - RS - Brasil;;;;;RS;
;fernando@usaflex.com.br;(51) 3549-8100;;R. Mal. Deodoro da Fonseca 530 - Casa de Pedra, Igrejinha - RS,;R. Mal. Deodoro da Fonseca;530;;95650-000;RS,;
;hunssemaq@uol.com.br;(51) 3545-1200;;R. Igrejinha 105 - Figueira, Igrejinha - RS,;R. Igrejinha;105;;95650-000;RS,;
;compras@injepar.com.br;51 3545.2465;;RuaGetúlio Vargas, 348 - Centro - Igrejinha/RS - ;Rua Getúlio Vargas;348;;95650 000;/RS;
;oficina@tabita.com.br;(51) 3545-1600;;R. Benjamin Jung 195 - Viaduto, Igrejinha - RS,;R. Benjamin Jung;195;;95650-000;RS,;
;custos@carminacalcados.com.br;(51) 3545-3117;;De Novembro Igrejinha;;;;95650-000;RS,;
;compras@agrolatina.com.br;51 3549 9400;;Estr. Picada Francesa 950 - Casa de Pedra, Igrejinha - RS,;Estr. Picada Francesa;950;;95650-000;RS,;
;eduardo@frohlich.com.br;(51) 2123-1800;;Ivoti;Av. Bom Jardim;2772;;;;
;claudio@viamarte.com.br;51 35658000;;Nova Hartz;Rua Henrique Hoffmann;3095;;93890-000;;
;compras@shestruturas.com.br;51 3594.3922;;Novo Hamburgo;;;;;;
;compras@engegran.com.br;55 3375-1563 ou 3375-6666;;Panambi;Rua Emil Graser;130;;;;
;bruna@ferramentaspandolfo.com;(51) 3543-1160;;XV de Junho Parobé;;;;95630-000;RS,;
;;51) 3543-1517 contato@metalpar.com.br;;Parobé;Rua da Cascata;90;;95630-000;;
;eduardo@plastcromo.com.br;(51) 3543-1464;;RS-239 6830 - Alexandria, Parobé - RS,;;;;95630-000;RS,;
;vanessa.dias@ecosul.com.br;(53) 2128-4408;;Pelotas;;;;;;
;marco.lima@aniger.com.br;51 21259900;;Campo Bom;R. Armindo Eltz;51;;93700-000;RS,;
;tiago.bexaira@timacagro.com.br; 51 33828700 ;;Av.Carlos Gomes, 1340 | 11º andar | Bairro Auxiliadora Porto Alegre | RS | ;Av. Carlos Gomes;1340;;90480-001;RS;
;anderson.larentis@pandrol.com;51 3373,4300;;AvSevero Dullius 2015 Porto Alegre RS Rio Grande do Sul  Brasil;;;;90200-310;RS;
;;53 32933000;;Rio Grande;Av. Almirante Maximiano Fonseca;1000;;96201-360;RS,;
;mauro.duarte@martinimeat.com.br; (53) 32934658 / 53 3293-4650 ;;Rio Grande;;;;;;
;marcelo.carrasco@termasa.com.br; (53)30368650 ;;Avenida Almirante Maximiliano Fonseca 6361 - Rio Grande RS,;Avenida Almirante Maximiliano Fonseca;6361;;96204-040;RS,;
;juliane@riograndefertilizantes.com.br; 53 32341769 - geral ;;Rio Grande;Av. Almirante Maximiano Fonseca;6360;;;;
;alex.balbela@timacagro.com.br;;;Rio Grande;;;;;;
;karine.martins@refinariariograndense.com.br; (53) 3233-8079 / 32338181 ;;Rio Grande;;;;;;
;fabiana.souza@bunge.com;53 - 32343616;;Rio Grande;Avenida Almirante Maximiano Fonseca;4350;;96204-040;RS,;
;joaquim.perez@bianchinisa.com.br; (53)2126 6000 ;;Rio Grande;;;;96204-040;RS,;
;alondero@cvi.com.br; (55) 3290 - 1500 ramal 3 ;;Agroindustrial Santa Maria;;;;97037-400;RS,;
;compras@iba.ind.br;51 3523.4210 / 51 3523 4199;;RodoviaRS 239, nº 5461, Vila Irma Sapiranga/RS - ;;;;93805-798;RS;
;sulmaq@sulmaq.com;51 3599 3675 - 997396083;;Sapiranga;Rua Presidente Franklin Roosevelt ;484;;;;
;compras@cofrag.com.br;51 3568 2044;;Sapiranga;Rua General Nascimento Vargas;309;;;;
;compras@maredtextil.com.br;51 996269044;;Sapiranga;Rua Borges de Medeiros;966;;93806-054;;
;paulo@italiany.com.br;51 35991566;;Sapiranga;Rua General Daltro Filho;238;;93800-236;;
;compras1@dream.com.br;51 35296490;;Sapiranga;Rua São João;255;;;;
;compras@ninus.com.br;51 3039.5859;;Sapiranga;Rua Duque de Caxias;95;;;;
;;51 997014530 / 997163803;;Sapiranga;;;;;;
;;5135591270;;Sapiranga;Rua Monte Castelo;2651;;;;
;;(51) 3559-1144;;RuaMajor Bento Alves, 3424, Amaral Ribeiro Sapiranga/RS - ;Rua Major Bento Alves;3424;;93821-480;/RS;
;compras@mould.com.br;51 - 35298482;;Rodovia Rs 239 471 - Industrial, Sapiranga - RS,, Brasil;;;;93813-050;RS,;
;;(51) 3546-2000;;Rodovia Rs 239 31 - Rodovia, Sapiranga - RS,;;;;93815-016;RS,;
;compras@nks.com.br;(51) 3034-8700;;Av. 20 de Setembro nº 4747, Sapiranga - RS,;;;;93815-016;RS,;
;lauriano@paqueta.com.br;51-35998800(ramal 9437);;SAPIRANGA;;;;;;
;compras@primmascarpa.com;(51) 3542 2331 / 3541 3812;;RuaOsvaldo Aranha , 1190 / Bairro Empresa – Taquara – RS Cep.:;Rua Osvaldo Aranha ;1190;;95603-640;RS;
;compras@dielat.com.br;(51) 3541-1876;;Taquara;Av. Sebastião Amoretti;3;;;;
;compras@pirisa.com;051 3542.1944 - 051 995901944;;Av. Oscár Martins Rangel 5700 - Picada Francesa, Taquara - RS,;Av. Oscár Martins Rangel;5700;;95600-000;RS,;
;polistick@terra.com.br;(51) 3541-5554;;Av. Fernando Ferrari 2195 - Ronda, Taquara - RS,;Av. Fernando Ferrari;2195;;95600-600;RS,;
;ultraquil@tca.com.br;(51) 3541.7066;;Taquara;Rua Ernesto Alves;2707;;;;
;compras@endutex.com.br;(51) 3546-2000;;RuaFrederico Ritter, 1111 - Sander Três Coroas / RS / Brasil;Rua Frederico Ritter;1111;;95660-000;RS;
;rafael@tramontini.com.br;51 3738-3100 ramal 277;;Venâncio Aires;;;;;;
;rodrigo.tozin@ovd.com.br;51-3358-1077;;Viamão;;;;;;
;luciano.zanelatto@killing.com.br;51 3586.8100;;Novo Hamburgo;;;;93320-428;RS;
;;71 3418.4520;oberd.regis@killing.com.br;Simões Filho;;;;43700-000;BA;
;marion@agrimec.com.br;055 32227710 - 999719057;;Santa Maria;;;;97030-440;;
;compras@elevitta.com.br;54 996564527 / 3376 1602;;RuaOrestes Valandro, 97, Aratiba/RS – Brasil;Rua Orestes Valandro;97;;;/RS;
;decio.ribeiro@fremax.com;47 34616638 / 34616600;;Joinville - SC;Rua Anaburgo;5600;;;;
;marcosserena@irani.com.br;;;VARGEM BONITA;;;;;;
;amauri@bruning.com.br;(55) 3376-9000 ramal 9485;;Panambi;;;;;;
;suprimentos@arquisul.com.br;51 3235.5200;;Av.Jerônimo de Ornelas, 357 Porto Alegre / RS - ;Av. Jerônimo de Ornelas;357;;90040-341;RS;
;ercio.horbach@tramontina.com;54 991159530 / 34618502;;Carlos Barbosa;;;;95185-000;;
;alexandre.scola@sumig.com;(54) 3220 3900;;Caxias do Sul;Av. Ângelo Corsetti;1281;;95042-000;RS;
;waltrick@minusa.com.br;(49) 3226 1000;;Lages - SC ;;;;;;
;compras@astoriapapeis.com.br;(51) 3484.8728;;Av.Antônio Gomes Corrêa 1380 Parque dos Anjos, Gravataí RS  RS;Av. Antônio Gomes Corrêa;1380;;94190-300;RS;
;leandro.souza@sew.com.br;19 2518-8057;;EstradaMunicipal José Rubim, 205 Rodovia Santos Dumont Km 49 Caldeira - Indaiatuba - SP -;Estrada Municipal José Rubim;205;;13347 510;SP;
;antonio.silva@melitta.com.br;51 2101-1100;http://www.celupa.com.br/;Guaíba;Avenida Comendador Ismael Chaves Barcellos;150;;;;
;matheus.malafaia@santher.com.br;(51) 3491-9400;https://www.santher.com.br/;Guaíba;;;;;;
;junioren@airproducts.com.br;(11) 38561600 / (51) 3480-5200;;Guaíba;R. São Geraldo;1675;;;;
;mauricio@jacui.ind.br;(51) 3658-1209;http://www.jacui.ind.br/;Charqueadas;;;;96745-000;;
;compras.sul@brasilata.com.br;(51) 3712-8900 (51) 3712-1539;;Estrela;;;;95880-000;;
;roque@roizi.com.br;(51) 3712-2811;;Estrela;Rua Corredor Particular;40;;95880-000;;
;rh@plastrela.com.br;(51) 3720-1122 (51) 3720-1280;;Estrela;;;;95880-000;;
;jfontella@fitesa.com;51 3489700;;Gravatai;Rua Paul Zivi;80;;94045-430;;
;;(51) 2139-7211;;Guaíba;R. São Geraldo;1680;;92703-470;;
;rs@sulinaoleos.com.br;51 3401-7500;http://www.sulinaoleos.com.br/;Guaíba;Av. das Indústrias;35;;92500-000;;
;josecarlos@ambientaly.com;(51) 3491-9300;;Guaíba;RUA ITAJAÍ;10;;92500-000;;
;manutencao@girandosol.com.br;(51) 3716-9400;;Arroio do Meio;Rua Arthur José Schroeder;780;;95940-000;;
;jeferson.becker@granol.com.br;(51)37226550;;Cachoeira do Sul;;;;;;
;compras@coldbras.com.br;51 3303.2222;;RuaManoel José do Nascimento, 811 Distrito Industrial / Cachoeirinha - RS  ;Rua Manoel José do Nascimento;811;;94930-340;RS;
;paulo.amaral@carraro.com.br;(54) 3455.1212;;Bairro Santo Antão;Avenida Nelson Carraro;2001;;95702-798;/RS;
;cimentoguaiba@terra.com.br;(51) 3345.2972;;RuaSanta Maria, 185 Prédio B – Guaíba/RS  ;Rua Santa Maria;185;;92500-000;/RS;
;rauloliveri@gmail.com;(51) 3480-2100;;Guaíba;Rua Carlo Ventura;150;;;;
;direcao@enzomilano.com.br;51 3507-7070;;IVOTI;;;;;;
;sandro@tomasi.com.br;(54) 3213.8000 |3213.3122;;Caxias do Sul;;;;95080-050;;
;henrique.silva@gerdau.com.br;;;SAPUCAIA DO SUL;;;;;;
;valmir@trapp.com.br;47 3371-0088 / (47) 2107-8800;;Jaraguá do Sul - SC;Av. Pref Waldemar Grubba;4545;;;;
;aburani@caloi.com;11 21197311;;Atibaia - SP;;;;12954-260;;
;voltou;51 - 33741164  / Camila 51 989226550;marco.moraes@cafbrasil.com.br; camila.frederichs@cafbrasil.com.br;Porto Alegre;Av. Ernesto Neugebauer;1985;;90250 140;;
;raphael@dalzochio.ind.br; 54 99972-8793;;ESTRS 020 - KM 98 - 7165 ZONA RURAL SAO FRANCISCO DE PAULA;;;;95400-000;RS;
;alexandre@noeli.com.br;(51) 996736347;;Rodovia, RS118, 2602 - Capão da Cruz, Sapucaia do Sul - RS;;;;;RS-;
;compras@pollibox.com.br;(51) 3587-3502 / W: 35871322;;Bairro Industrial Campo Bom;Rua Carlos Alberto Feiten;100;;93700-000;RS;
;comercial@diplax.com.br;(51) 3067-7575;;Campo Bom;R. Visc. de Mauá;85;;;;
;atendimento@lozar.com.br;(51) 3560 1589;;RuaSão Jacó, 352, Bairro São Jacó - Sapiranga/RS - ;Rua São Jacó;352;;93800-000;/RS;
;compras@deltafrio.com.br;51 3536.1551;;São Sebastião do Cai;;;;;;
;compras2@screw.ind.br;51 3723.3000;;Cachoeira do Sul;;;;;;
;voltou;54 3477 1236;;?EstradaRS 324 - Km 21 - Distrito Industrial Cep: 95.350-000 - Nova Araçá - RS;Estrada RS;324;;;RS;
;antoninho@dlinea.com.br;(51)3443-4666;;AvenidaPresidente Getúlio Vargas nº 10315 Elsa - Distrito Industrial Viamão/RS ;;;;94420-015;/RS;
;alfedital@outlook.com;(51) 3751-1014;;Encantado;Rua Argemiro Pretto;340;;95960-000;;
;;;;;;;;;;
;;;;;;;;;;
;;;;;;;;;;
;;;;;;;;;;
;;;;;;;;;;
;;;;;;;;;;
;;;;;;;;;;
;;;;;;;;;;
;;;;;;;;;;
;roberto@dickow.com.br;(55) 3265-1325;;Agudo;;;;96540-000;;
;contabilidade@cooperagudo.com.br; (55) 3265 - 7000 ;;Av. Concórdia 2662 - centro, Agudo - RS,;Av. Concórdia;2662;;96540-000;RS,;
;vagner.leal@caal.com.br;(55) 3421-9200;www.caal.com.br;Alegrete;Rua Venâncio Aires;112;;;;
;franck@fumacensealimentos.com.br; (48) 3434 8888;www.fumacensealimentos.com.br;EstradaBR 290, s/n, Bairro Nova Brasília, Alegrete, RS / Rodovia SC 443, nº 2.244, Bairro Barracão, Morro da Fumaça, Santa Catarina. CEP: 88.830-000;Estrada BR;290;;;RS;
;almoxarifado@coradini.ind.br;(53) 3240-4500;;Bagé;Avenida Santa Tecla;5000;;;;
;;(53) 3242-9011;www.ceolinalimentos.com.br;Bagé;Av. Santa Tecla;2060;;;;
;;(53) 3247-1176;www.impulsoweb.com.br/coradini/;Bagé;;;;;;
;;(53) 3242-7355;www.camal.com.br;Bagé;Rua Marcilio Dias;1642;;;;
;;(53) 3240-4500;www.coradinialimentos.com.br;Bagé;;;;;;
;;(53) 3242-7933;;Bagé;;;;;;
;;(51) 3371-8400;;BARRA DO RIBEIRO;;;;;;
;compras@moraes.com.br; (51) 3723 - 7600 ;;Cachoeira do Sul;;;;96504-050;RS,;
;treichel@treichel.com.br; (51) 3722 - 2383 ;;Cachoeira do Sul;Av. Brasil;2593;;96503-490;RS,;
;;(51) 3722-2469;www.trevisansa.com.br;Cachoeira do Sul;;;;;;
;marcelo.grund@3tentos.com.br;51 995463337 ;;Camaquã;Av. Dorval Ribeiro;701;;;;
;;(51) 3692-9000 / 991271019;;Camaquã;;;;96180-000;;
;ristiano@htnutri.com.br;51 36928800;;Camaquã;;;;;;
;osmar@viviana.com.br;(51) 3671 2059 / 3671 2011;viviana.com.br;Camaquã;Av. José Loureiro da Silva;1297;;;;
;iego.nunes@camil.com.br;(51) 36717300;;BR-116 s/n - São CARLOS, RS,;;;;96180-000;RS,;
;denilson@arrozeirabomjesus.com.br;(51) 2127-0770;;Camaquã;;;;;;
;itamar.bernar@extremosul.com.br;51 21270012;;Camaquã;Estrada BR;116;;;;
;;(51) 3743-1442;;Candelária;;;;;;
;;(53) 981241678 / (53) 981220407;;EstradaCerro da Boneca, SN - BR 392 Km 121 / 1º Distrito | Canguçu - RS  | Caixa Postal: 21;;;;96600-000;RS;
;comercialbergmann@yahoo.com.br;(53) 999944479 (53) 3252-2006;;RS-265/ Posto Branco, 1º Distrito / Canguçu - RS / / Brasil;;;;96600-000;RS;
;compras@rainhabrasil.com.br;53 984180235 / 3275.5053;;Av.Três de Maio, 3342 - Capão do Leão/RS - Brasil;Av. Três de Maio;3342;;;/RS;
;comprasrs@arrozcodil.com.br;(51) 3685-1202;;Capivari do Sul;Av. Telmo Sessim;1061;;95552-000;RS,;
;;(51) 3685-1177;;Capivari do Sul;Av. Adrião Monteiro;1466;;95552-000;RS,;
;;(53) 3243-5649 * 3243-3066;;Dom Pedrito;;;;;;
;;(53) 3243-3066;www.coradinialimentos.com.br;Dom Pedrito;;;;;;
;;(53) 3243-3466;www.coradini.com.br;Dom Pedrito;Rua Sete de Setembro;2900;;;;
;;(53) 3243-1056;www.rcalimentos.com;Dom Pedrito;Rua Serafim dos Anjos Freire;3444;;;;
;;51 3080-2000/ 93262066;voltou;Eldorado do Sul;;;;92990-000;RS,;
;;(51) 3481-3940;http://metapublicidade.com/engenhoam;Eldorado do Sul;;;;;;
;compras2@rampinelli.com.br;48-3463 8700 / 48-999055944;;Forquilhinha/SC;;;;;;
;;(51) 3487-1092;www.extraalimentos.com.br;Glorinha;Rua Avelino Maciel Neto;130;;;;
;;(51) 3487-1036;;Glorinha;Rua Deoclecio Ferrugem;20;;;;
;faturamento@gaiteiroalimentos.com.br;(51) 3488-1732;www.gaiteiroalimentos.com.br;RodRS 118 KM 15 Nº 6880 / Bairro Arco Iris;;;;;RS;
;;(55) 3433-2121;www.camil.com.br;Itaqui;Rua Dr. Afonso Escobar;1193;;;;
;;(55) 3433-7222;;Itaqui;;;;;;
;itapemasa@pitangueira.com.br;(55) 3433-2255;www.pitangueira.com.br;Itaqui;Av. Borges de Medeiros;1463;;;;
;;(55) 3433-2011;www.folettoalimentos.com.br;Itaqui;;;;;;
;;(55) 3433-1899;;Itaqui;;;;;;
;;(55) 3433-1124;www.raroz.com.br;Itaqui;;;;;;
;;(55) 3259-1194;;Mata;Rua Cap. Nicolau Schmidt;200;;;;
;contato@ourofertil.com.br;54 32428300;;Nova Prata;Av. Presidente Vargas;1454;;;;
;;(51) 3479-5066;www.arrozella.ind.br;Nova Santa Rita;;;;;;
;compras@arrozpalmares.com.br;(51) 3668-1166;;Palmares do Sul;;;;95540-000;RS,;
;claudio@arrozceel.com.br;(51) 3734-1344;;Pantano Grande;;;;;;
;silva@polisulalimentos.com.br;53 32833500;;Pelotas;Av. Fernando Osório;5508;;;;
;compras@brejeiro.com.br;(53) 3303-6812 / 3273-6356;;Pelotas;;;;;;
;;53 33095636;;Pelotas;;;;;;
;luiz@arrozeiraperola.com.br;53 32736404;;Pelotas;;;;;;
;eliane.bassi@josapar.com.br;(53) 3284-1000 (53) 3284-1151;;Pelotas;;;;96070-560;;
;luisdiaz@purograo.com;53 - 32816397 / 30257066 ;;Pelotas;Av. Herbert Hadler;1385;;;;
;marcelo@nelsonwendt.com.br;53 32833326 / 981241522;;Pelotas;Av. Leopoldo Broad;101;;96070-370;;
;contato@esbento.com.br;53 3025.3500;;Pelotas;;;;;;
;eletrica@arrozeirapelotas.com.br;53-3273-7488;;Pelotas;Av. Fernando Osório;5552;;96070-000;;
;augusto@arrozeiradaquinta.com.br;( 53) 32391147 / 53 999331987-Mario;;Pelotas;RUA POETISA RIPOLL;182;;;;
;mvpizzol@gmail.com;(53) 3223-3746;;Pelotas;Av. Fernando Osório;2988;;;;
;helioehlert@Outlook.com;(53) 3273-7330;www.ehlertltda.com.br;Pelotas;;;;;;
;;(51) 2131-4455;www.slcalimentos.com.br;Porto Alegre;Av. Borges de Medeiros;2233;;;;
;josimar.souza@camil.com.br;(53) 3237-9119;www.camil.com.br;Rio Grande;;;;;;
;;(51) 3731.2100;;Distrito Industrial;;;;96640-000;RS;
;;(55) 3231-2480;www.coarroz.com.br;Rosário do Sul;Rua Miguel Irion;100;;;;
;pberleze@terra.com.br;(55) 3226-1355;;Santa Maria;;;;;;
;arroz.freitas@gmail.com;(55) 3222.6522;;Santa Maria;;;;;;
;;(55) 3226-1428;;Santa Maria;;;;;;
;alexandre@marzari.com.br;(55) 3301-3301;;Santa Maria;;;;;;
;;(55) 3226-1376;www.favarin.com.br;Santa Maria;Av. Osvaldo Cruz;1044;;;;
;;(53) 3261-1489;;Santa Vitória do Palmar;Estr. da Canoa;63;;;;
;;51 984511365;;Santo Antônio da Patrulha;;;;95500-000;RS,;
;;(51) 3662-1942;www.arrozagro.com.br;Estr.do Morro Grande 4970 - RS 474, Km 01 - Caixa Postal 83;Estr. do Morro Grande;4970;;;RS;
;;(51) 3662-3100;www.demelloalimentos.com.br;Santo Antônio da Patrulha;;;;;;
;;(51) 3955-0926;www.arrozrealengo.com.br;Santo Antônio da Patrulha;Estr. do Morro Grande;3801;;;;
;;(55) 3431-0050;www.albaruska.com.br;São Borja;;;;;;
;;(55) 3431-1802;;São Borja;;;;;;
;;(55) 3431-1840;www.arrozciagro.com.br;São Borja;;;;;;
;;(55) 3431-0300;www.pirahy.ind.br;São Borja;Rua Tristão de Araujo Nobrega;1580;;;;
;;(55) 3232-8500;www.urbano.com.br;São Gabriel;;;;;;
;;(55) 3289-1092;;São João do Polêsine;;;;;;
;manutencao@pomeranoalimentos.coo;53 984525085;;São Lourenço;;;;;;
;;(53) 3251-2266;www.adbalimentos.com.br;São Lourenço do Sul;Estrada Passo dos Baios;1;;;;
;pagliarin@pagliarin.com.br;(55) 3276.1100;;São Pedro do Sul;;;;;;
;;(55) 3276-1313/ Fax: 3276-1313;www.soufelice.com.br/felicealimentos/;São Pedro do Sul;;;;;;
;;(55) 3276-1100;www.pagliarin.com.br;São Pedro do Sul;Rua Jerônimo Gomes;1155;;;;
;eduardo@arrozeira.com.br;(55) 3233-1408;;São Sepé;;;;;;
;compras@agroparr.com.br;(51) 3672-5000;www.agroparr.com.br;Sentinela do Sul;;;;;;
;arrozmaninho@terra.com.br;(51) 3495 - 1159 / (51) 3495 - 1501;www.cereaismaninho.com.br;Sertão Santana;;;;;;
;;(51) 3482-1216;;Sertão Santana;;;;;;
;diegokoller@rosina.ind.br;(51) 3495-1252;;Sertão Santana;;;;;;
;compras@bemestaralimentos.ind.br;(51) 4063 - 9018;www.bemestaralimentos.ind.br;Tapes;;;;;;
;;(55) 3413-4044;www.camil.com.br;Uruguaiana;;;;;;
;;(55) 3413-1241;www.grupoceolin.com.br;Uruguaiana;Avenida Senador Silveira Martins;901;;;;
;clodoaldo.vigao@guacira.com.br;(55) 3413-2176;www.guacira.com.br;Uruguaiana;Rua Érico Veríssimo;1023;;;;
;;(55) 3412-3399;;Uruguaiana;;;;;;
;sergio@pateko.com.br;(55) 2102-1329;www.saojoaoalimentos.com;Uruguaiana;;;;;;
;cristiano.borges@zaelisul.com.br;(55) 3413-4361;www.zaeli.com.br;Uruguaiana;;;;;;
;leandro@engenhoviamonense.com.br;(51) 3485.1202;;Viamão;;;;;;
;;(51) 34851301;;Viamão;;;;;;
;;(51) 3485-1131;www.fiuzaecirimbelli.com.br;Viamão;;;;;;
;ala@deutschips.com.br; 54 3244-2176 | 54 99978-7615;;São Francisco de Paula;;;;95400 000;RS;
;compras.frizzo@hotmail.com;(54) 3227-2322;;RodRS 504 KM 02, Linha Botafogo Planalto – RS;;;;98470-000;RS;
;miguel@oderich.com.br;(51) 3635-1609;;São Sebastião do Caí;Av. Osvaldo Aranha;1118;;95760-000;RS,;
;;;;;;;;;;
;;;;;;;;;;
;;;;;;;;;;
;;;;;;;;;;
;;;;;;;;;;
;;;;;;;;;;
;andreia.grando@mdiasbranco.com.br; (54) 2105 - 7300 ;;RuaEspírito Santo, 440, Santa Rita, Bento Gonçalves/RS – CEP: 95.700-656;Rua Espírito Santo;440;;;/RS;
;rosane.frumi@vinicolaaurora.com.br; (54) 2102 - 2000 (54) 2102-2001 ;;Bento Gonçalves - RS;;;;;;
;jean.poletto@salton.com.br;(54) 2105 - 1000 (54) 2105-1001;;Bento Gonçalves - RS;;;;;;
;wagner.dias@miolo.com.br;(54) 2102 - 1500;;Bento Gonçalves;;;;;;
;financeiro@divinut.com.br; (51) 3722 - 8002 (51) 3723-6003 ;;Cachoeira do Sul;;;;96503-260;RS,;
;alessandra.nosvitz@tischler.com.br;(51) 3722 4433;;Cachoeira do Sul - RS;Rua Julio de Castilhos;413;;;;
;verton.tolotti@piracanjuba.com.br;(54) 3329-9400;;RuaEmpresário Agnello Senger, SN Carazinho/RS – CEP 99.500-000;;;;;/RS;
;driana.kuhn@piracanjuba.com.br;;;Goiania - GO;;;;;;
;adson.souza@piracanjuba.com.br;(33) 3213-3700;;RodoviaBR 259, KM 152, Zona Rural / Governador Valadares/MG - CEP 35.104-000;;;;;/MG;
;compras.adm@superimec.com.br;(51) 3714 - 8100;;Lajeado - RS;;;;;;
;cristiano@prass.com.br;(51) 37142747;;Lajeado - RS;;;;;;
;leandros@italianinhoalimentos.com.br;(51) 3714.8170;;Rod.RS 130.3880 - Bairro Moinhos - Lajeado/RS - ;;;;95900-000;RS;
;uso.consumo@marilan.com;(14) 2105 – 6000;;Marília - SP;Av. José de Grande;518;;;;
;logistica@mosmannalimentos.com.br;(51) 3543-8500;;Funil Parobé;;;;95630-000;RS,;
;engobras@zaffarinet.com.br;(54) 33113079;;Passo Fundo;Rua General Osório;1426;;99010-140;RS;
;lacirdo@zaffarinet.com.br;(54) 33171688;;Passo Fundo - RS;;;;;;
;alexandre@macroatacadokrolow.com.br;(53) 3223-1869;;Av. Engenheiro Ildefonso Simões Lopes 41 - Três Vendas, Pelotas - RS,;Av. Engenheiro Ildefonso Simões Lopes;41;;96060-290;RS,;
;secretaria@unisuper.com.br;(53) 3271-9636;;Pelotas - RS;;;;96050-500;RS,;
;tiago@zeze.com.br;(53) 3228-1671 - 53 999664747;;Pelotas - RS;Rua Comendador Rafael Dias Mazza;581;;96085-090;;
;uilherme@biscoitoszagonel.com.br;(51) 3562.1667;;R. Batinga 109 - São Jorge, Portão - RS,;R. Batinga;109;;93180-000;RS,;
;compras@alibem.com;51 2123 5000;;Porto Alegre - RS;Av. Protásio Alves;3326;;90410 007;;
;compras@allenge.com.br;51 3337.8822;;RUAARABUTÃ, 427
PORTO ALEGRE, RS – ;RUA ARABUTÃ;427;;90240-470;RS;
;adm@laticiniostefanello.com.br;(55) 3798-1587;;Rodeio Bonito  - RS;;;;98360-000;;
;gerencia@supermiller.com.br;(51) 2106-8799;;Santa Cruz do Sul - RS;Av. Independência;1113;;;;
;robson.vinicius@nutrimental.com.br;41 32991239;;São José dos Pinhais-PR;Av. Rui Barbosa;8153;;83040-550;;
;arco.dias@piracanjuba.com.br;(46) 3244-8050;;Sulina - PR;;;;;;
;ildo.souza@piracanjuba.com.br;(24) 2251-9400;;RodoviaBR-040 SN KM 20 SALA 03  Moura Brasil  Três Rios/RJ – CEP 25.821-491;;;;;/RJ;
;;11 27300530;;São Paulo - SP;;;;;;
;;51 3698.1215 | 99982.3385;;Capela de Santana;;;;;;
;;51 3191.2274 / 51 3191.2275;;Estradados Lemmertz, 1500 – B. Estação Portão - Portão – RS - ;Estrada dos Lemmertz;1500;;93180-000;RS;
;;;;;;;;;;
;;;;;;;;;;
;;;;;;;;;;
;;;;;;;;;;
;;;;;;;;;;
;;;;;;;;;;
;;;;;;;;;;
;bruno.miranda@jallesmachado.com;(62) 3389-9000 Ramal 8848;;Rod.GO 080 Km 75,1 Zona Rural Caixa Postal 04  ;;;;76388-899;GO;
;;51 32918200 ramal 373;;São Marcos;;;;;;
;eduardo.silva@ciser.com.br; 47- 34413674 ;;Joinville - SC;Rua Cachoeira;70;;89205-070;;
;ps.santos@arcelormittal.com.br;31 - 33999839 - 992831244;;Contagem - MG;Rua Quatro;260;;32250-030;;
;ana.menani@romaco.com.br;47-34811094;;Joinville - SC;Rua Dr. João Colin;985;;;;
;fernando.santos@ciser.com.br;47-34413512;;Joinville - SC;;;;;;
;;;;;;;;;;
;caguiar@afglobalcorp.com;;;MACAE;;;;;;
;adrieleberkenbrockp@gmail.com;;;JOINVILLE;;;;;;
;edson@metalgroup.com.br;;;JOINVILLE;;;;;;
;comercial1@ebbombas.com.br;;;PIRACICABA;;;;;;
;angelo.darela@ftc.com.br;;;TUBARAO;;;;;;
;diegoputch@hotmail.com;;;ARROIO DO MEIO;;;;;;
;henrique@saojoseindustrial.com.br;;;SÃO JOSÉ DO INHACORÁ;;;;;;
;compras@germerporcelanas.com.br;;;CAMPO LARGO;;;;;;
;comercial@hmindustriamecanica.com.br;;;RONDONÓPOLIS;;;;;;
;marlos@erps.com.br;;;NOVO HAMBURGO;;;;;;
;mauricio.gato@metasa.com.br;;;MARAU;;;;;;
;compras@newimportexport.com.br;;;SÃO PAULO;;;;;;
;;;;;;;;;;
;;;;;;;;;;
;;;;;;;;;;
;;;;;;;;;;
;;;;;;;;;;
;;;;;;;;;;
;dschroeder@agritech.ind.br;19-38019061;;INDAIATUBA - SP;;;;;;
;haroldo.abreu@airliquide.com;;;SÃO PAULO;;;;;;
;comercial@artigservicos.com.br;21 - 27238161;;SAO GONCALO - RJ;;;;;;
;compras@unindustria.ind.br;54 - 21065982;;Erechim - RS;;;;;;
;COMPRAS@AOCEP.COM.BR;41 - 34253960;;PARANAGUA - SC;;;;;;
;thiago.cruz@atexp.com.br;41 - 34227995;;PARANAGUA - SC;;;;;;
;compras@astoriapapeis.com.br;51 - 34848728;;Gravataí - RS;Av. Antônio Gomes Corrêa;1380;;94190-300;;
;HSALAMA@BALL.COM;21 - 21051485;;RIO DE JANEIRO;;;;;;
;compras@midigraf.com.br;43 - 21054393;;LONDRINA - PR;;;;;;
;ndressa.diaz@datwyler.com;51 - 35115043;;SÃO LEOPOLDO - RS;;;;;;
;tiago.pereira@sbdinc.com;34 - 33183979;;UBERABA;;;;;;
;isabella.borghetti@masterpower.com.br;54 - 32912207;;SÃO MARCOS - RS;;;;;;
;bernard.carvalho@vipal.com.br;51 - 32053502 / 51 - 32053029;;NOVA PRATA - RS;;;;;;
;compras@ic.ind.br;54 - 33273638;;PASSO FUNDO - RS;;;;;;
;douglasw@bruning.com.br;55 - 33769000 ramal 9055;;PANAMBI - RS;;;;;;
;compras.jefferson@grupomascarello.com.br;45 - 991046273 / 45-32196076;;CASCAVEL;;;;;;
;troykapraia@troyka.com.br;22 - 27591969;;MACAE;;;;;;
;marcelo.munhoz@portoitapoa.com;47 - 34438642;;ITAPOA;;;;;;
;ejair.silva@tmsa.ind.br;51 - 980530481 / 51 21313369;;PORTO ALEGRE;;;;;;
;mauricio.kist@stihl.com.br;;;SÃO LEOPOLDO;;;;;;
;adiles@macnor.com.br;22 - 981884488 / 22 - 33239898;;RIO DE JANEIRO;;;;;;
;tayane.malaquias@mrv.com.br;71 - 992049992 / ;;BELO HORIZONTE;;;;;;
;adelar.salvi@marcopolo.com.br;54 - 21014790;;CAXIAS DO SUL;;;;;;
;zequiel.goncalves@comil.com.br;45 - 21015054;;CASCAVEL;;;;;;
;vinicius.costa@consilos.com.br;4532283434;;CASCAVEL;;;;;;
;jordy.francisco@coonagro.coo;4132811504 / 4130730463;;CURITIBA;;;;;;
;almox2@embasul.com.br;5135959696;;NOVO HAMBURGO;;;;;;
;dandaro4x4@gmail.com;1634027066;;FRANCA;;;;;;
;adriana.maximo@danone.com;;;SÃO PAULO;;;;;;
;JOAOHASSELMANN@YAHOO.COM.BR;2422571180;;AREAL;;;;;;
;compras@elipal.com.br;5136681333;;PALMARES DO SUL;;;;;;
;;;;;;;;;;
;;;;;;;;;;
;;;;;;;;;;
;;;;;;;;;;
;;;;;;;;;;
;;;;;;;;;;
;;;;;;;;;;
;;;;;;;;;;
;;;;;;;;;;
;aliceprado@buffon.com.br;51) 3415.8000 | (51) 2102.8000 | Ramal: 284;;Canoas;;;;;;
;renato@postosrodeio.com.br;(54) 3027.2000;;Caxias do Sul;Rua Sinimbú;612;;95020-001;;
;isabel@capoani.com;(54) 3229.3477;;Capoani | BR 116 | Km 143 | Nº 12495 São Ciro RS;;;;95059-520;RS,;
;michele@postocavalleri.com.br; (54) 3259 2000;;Farroupilha;;;;;;
;aislan.veadrigo@simrede.com.br;(54) 3292 - 9999;;Flores da Cunha;;;;;;
;compras@redetradicao.com.br;(54) 3342-2885;;Marau;Rua Paralela Leste Perimetral;1692;;;;
;marcelo@redesander.com.br;(054) 3477 3500;;Paraí;Rua Pe. Felix Busata;1293;;;;
;felicio.sup@postosredeenergia.com.br;(51) 3591-2500;;RuaSão Nicolau, 473 - Cristo Rei / São Leopoldo/RS - ;Rua São Nicolau;473;;93020-480;/RS;
;joao@postoscoqueiro.com.br;(53) 3251.7022 / (53) 32517027;;SãoLourenço do Sul/RS BR 116 KM 453 / ;;;;96170-000;/RS;
;lucas@chafariz.com.br;51-993218083;;Sapiranga;;;;;;
;maruzaprimeiro@hotmail.com;(51) 3626-5259;;TORRES;R. José Bonifácio;1315;;;;
;;;;;;;;;;
;;;;;;;;;;
;;;;;;;;;;
;;;;;;;;;;
;alisson.borges@marfrig.com.br;(55) 3421-8915 ;;Endereço Est Alegrete/Itaqui Km 07, Capivari, Alegrete, RS, , Brasil;;;;97541-970;RS,;
;danilo.silva2@marfrig.com.br;(55) 3421-8900;;ALEGRETE-RS;;;;;;
;lolohartmann@hotmail.com;(54) 3331-3714;;ALMIRANTE TAMANDARÉ-RS;;;;;;
;gerencia@sartorialimentos.com.br;(55) 996821582;;Augusto Pestana;;;;98740-000;RS;
;marcelo@sartorialimentos.com.br;(55) 999329242;;AUGUSTO PESTANA-RS;;;;;;
;roziane.guimaraes@marfrig.com.br;53 3240.5700;;Bagé;;;;96400-970;;
;jose.aguilar@marfrig.com.br;(53) 3240-5700 (53) 3240-5766;;BAGÉ-RS;;;;;;
;edson@producarne.com.br;(53) 999789773;;BAGÉ-RS;;;;;;
;compras@mercoaves.com.br;(51) 3634 2608;;Bom Princípio;Rua Mercoaves;1156;;95765-000;;
;frigorificofitazul@bol.com.br;53 32524177;;Canguçu;;;;;;
;frigocristaldir@gmail.com; (54) 32834010;;Caxias do Sul;;;;;;
;;(54) 3283-1428;voltou;CAXIAS DO SUL-RS;;;;;;
;leandror@cotripal.com.br; (55) 3375 9000;;BR158 Km 142 - Condor/RS - ;;;;98290-000;/RS;
;cleber@cotripal.com.br;(55) 3375-9047;;CONDOR-RS;;;;;;
;jubawilgen@hotmail.com;(51) 3764.1866;;Cruzeiro do Sul;;;;95930-000;;
;robinson@faros.ind.br;(51) 3714-9800;;CRUZEIRO DO SUL-RS;;;;;;
;priscilla@allesalimentos.com.br; (51) 3564 - 1895;http://www.sicadergs.com.br/;Dois Irmãos;;;;;;
;dalia@dalia.com.br;(51) 3751 - 9000;;Encantado;;;;;;
;frigoas@gmail.com; (54) 3321-2671;;Erechim;;;;;;
;cence@auroraalimentos.com.br;(54) 3522-7063;;Erechim;Rua Itália;1526;;99700-000;;
;;(54) 3520 3900 ;;Erechim;Av. Jose Oscar Salazar;1274;;99700-000;;
;mauricio@frigofar.com.br;(54)3261 9675;;Farroupilha;;;;;;
;;(54) 3261-9679;;FARROUPILHA-RS;;;;;;
;compras@carreralimentos.com.br; (54) 3056.7600 / (54) 3462.2095 /;;Garibalde;Estrada VRS;813;;;;
;diretoria@chesini.com.br;(54) 3462.1384;;Garibalde ;;;;;;
;renata.dalfre@nicolini.com.br;(54) 3462 8858 (54) 3462.8800;;Garibaldi;;;;;;
;; (54) 3388 - 1588 ;;Garibaldi;;;;;;
;compras.ourodosul@gmail.com;51 3695.1155;;RUA25 DE JULHO, 112 - CENTRO  - HARMONIA - RS    ;;;;95785-000;RS;
;ronei@ourodosul.com.br;(51) 3695-1155;;HARMONIA-RS;;;;;;
;gustavo.alves@marfrig.com.br;(53) 3249-1500 / (53) 3249-1502;;Hulha Negra;Estr. Santo Antônio;5147;;96460-000;RS,;
;rui.mendonca@pampeano.com.br;(53) 3249-1500;;HULHA NEGRA-RS;;;;;;
;irmaosdametto@gmail.com;(54) 3374-1257;;IBIAÇA-RS;;;;;;
;atual.fiscal@terra.com.br;(54) 996248369;;LAGOA VERMELHA-RS;;;;;;
;;51 996776663;;Lindolfo Collor;;;;;;
;;54 991559681;;Marau;;;;;;
;;(51) 3784-4800  (51) 3784-4848;;Mato Leitão;Rua João Reiter;650;;95835-000;;
;;(51) 3649-5666 (51) 3649-5884;;Montenegro;Rua Buarque de Macedo;3620;;95780-000;;
;compras@nutrifrango.com.br;(51) 35691099 - Ramal 206;;Morro Reuter;;;;;;
;ovosfilippsen@filippsen.com.br;51-3569.1173;;Morro Reuter;;;;93990-000;;
;titton@terra.com.br;(51) 996811437;;NOVA BRÉSCIA-RS;;;;;;
;almoxarifado@granjapinheiros.com.br;(54) 3298.1080 - (54) 3298.1078;;Nova Petrópolis;;;;95150-000;;
;cesar@suibom.com.br;(54) 3298-8080;;Nova Petrópolis;;;;95150-000;RS;
;ernanimoresco@avimor.com.br; (54) 3242.1151;;RS- RS 324, Km 03;;;;;RS;
;qualidade@frigorificoborrussia.com.br;(51) 3501-6383;;Estr. Geral da Borrússia 370 - Borrussia, Osório - RS,;Estr. Geral da Borrússia;370;;95520-000;RS,;
;diogo@cotripal.com.br; (55) 3375 9000 (compras)/ 33759020 / 33759006;;Panambi;;;;;;
;leonardo@comesulbeef.com.br;(51) 3734-1402;;PANTANO GRANDE-RS;;;;;;
;jaime@frigorificozimmer.com.br;51 - 35991732;;RS- 239 KM 37- Bairro Campo Vicente / Parobé/RS - ;;;;95630-000;/RS;
;ladis@frigorificozimmer.com.br;(51) 3599-1732 (51) 3559-2635;;PAROBÉ-RS;;;;;;
;schena@frigorificodosul.com.br;51 37871282/ 51 999709822 e celular com whats: 51 980241524;;Passo do Sobrado;;;;;;
;comercial@frigorificodosul.com.br;(51) 3787-1282;;PASSO DO SOBRADO-RS;;;;;;
;doresul@terra.com.br;54 3312-0008 - 054 3327-1756 Wats: (54)997106789;;RuaÂngelo Covati, 1236 Bairro Leonardo Ilhia  / São José – Passo Fundo/RS /;Rua Ângelo Covati;1236;;99052-780;/RS;
;carnesherval@uol.com.br;(51) 3761-1630 (51) 3567-1108;;PAVERAMA-RS;;;;;;
;recebiveisbonsul@hotmail.com;53 32736202;;Pelotas;;;;;;
;;53 32743100;;Av. Alfredo Theodoro Born65 - Vila Princesa, Pelotas - RS, 96070-380;Av. Alfredo Theodoro Born;65;;10517-104;RS,;
;manutencao@frigorificocastro.com.br;53 32736565;;Pelotas;;;;;;
;;41 996563077;;Pelotas;;;;;;
;lojadeprodutos@cosulati.com.br;(53) 3221 - 0299;;Pelotas;;;;;;
;cleusa@sopelco.com.br;(53) 3275-6400;;PELOTAS/RS;;;;;;
;ariel@yorkfoods.com.br;(53) 3011-4010;;PELOTAS/RS;;;;;;
;coopcascata@yahoo.com.br;(51) 3503-0195;;PONTÃO-RS;;;;;;
;canarin@canarin.com.br;(51) 3342-8125;;PORTO ALEGRE-RS;;;;;;
;fricason@hotmail.com;(51) 3777-1144;;PUTINGA-RS;;;;;;
;contato@granjapetry.com.br;(51) 3645-1870;;João Salvador do Sul;;;;95750-000;RS,;
;egon@granjacanarinho.com;51-3638-2011;;Salvador do Sul;;;;95750-000;RS,;
;suprimentos@naturovos.com.br;(51) 3638 5500;;Salvador do Sul;Av. Duque de Caxias;385;;95750-000;;
;compras@frigorificogassen.com.br;(51) 3717-9861;;Santa Cruz do Sul;;;;;;
;compras@frigorificosilva.com.br;(55) 2103 - 2525 / (55) 2103 - 2505;;Santa Maria;;;;;;
;frigorificonovaestancia@hotmail.com;55 3211-1714;;SANTA MARIA;;;;;;
;compras@frigorificoboavista.com.br;51 3567 1151;;Santa Maria do Herval;;;;93995-000;RS,;
;clebers@frigorificosilva.com.br;(55) 2103-2525;;SANTA MARIA-RS;;;;;;
;paulorenato@frigorificocallegaro.com.br;(55) 3313-2810 (55) 3313-6076;;SANTO ÂNGELO-RS;;;;;;
;abatedourogallas@gmail.com;(55) 3541-1236;;SANTO CRISTO - RS;;;;;;
;luiz.leonardi@marfrig.com.br;(55) 3237-2900;;São Gabriel;;;;;;
;gerenciaadm@foresta.com.br;(55) 3232-5510;;SÃO GABRIEL-RS;;;;;;
;danilo.silva2@marfrig.com.br;(55) 3237-2900;;SÃO GABRIEL-RS;;;;;;
;vanhove@terra.com.br;(55) 3232-6080 (55) 3232-5733;;SÃO GABRIEL-RS;;;;;;
;;(51) 3027-3571 / 99391480;;São Jeronimo;;;;;;
;compras@frigorifico3k.com.br; financeiro@frigorifico3k.com.br;(51) 998299593;;SÃO JERÔNIMO - RS;;;;;;
;; (54) 3352-1526 ;;São José do Ouro;;;;99870-000;RS;
;frigorificopoca@outlook.com;(54) 3352-1526;;SÃO JOSÉ DO OURO-RS;;;;;;
;frigcantarelli@yahoo.com.br;(51) 3588-7010;;São Leopoldo;Estr. Ivo Afonso Dias;601;;93032-550;RS,;
;;(51) 3588-7010;;SÃO LEOPOLDO;;;;;;
;quanto@quantoalimentos.com.br;(51) 3589-6500;;SÃO LEOPOLDO-RS;;;;;;
;compras@frigorificocoqueiro.com.br;53 3251-7000;;São Lourenço do Sul;;;;;;
;michelon@hotmail.com;(54) 3291-3454;;SÃO MARCOS;;;;;;
;compras@agrosul.com.br;(51) 3635-6700;;São Sebastião do Cai;Rua Campestre Santa Teresinha;1000;;95760-000;;
;;51 3106-2596 / 51 981589825;;Sapiranga;;;;;;
;carneirosul01@gmail.com;(51) 3496-6121;;SAPIRANGA-RS;;;;;;
;paludo@auroraalimentos.com.br; (54) 3361-5500 ;;RodoviaRS 404 Km - 2,1, ,, Sarandi - RS;;;;99560-000;RS;
;;(55) 3746 - 2800 ramal 2885;;Seberi;;;;98380-000;;
;frigorificostockboi@gmail.com;(54) 3387-1141;;SELBACH;;;;;;
;;(51) 3717-9861;;STA CRUZ DO SUL-RS;;;;;;
;pampasulfrigorifico@gmail.com;(53) 999764410;;STA VITÓRIA DO PALMAR - RS;;;;;;
;pampasulfrigorifico@gmail.com;(53) 3263-3001 (53) 999996607 (53) 999455156;;STA VITÓRIA PALMAR-RS;;;;;;
;contabilidade@frigorificoboavista.com.br;(51) 3181-0757;;STA. MARIA DO HERVAL-RS;;;;;;
;;(51)35421173;;Taquara;;;;;;
;; (51) 3762 5700;;Teotonia;;;;;;
;compras@frigovale.com;(51) 3773.1105 / (51) 98340-0236;;ESTRADA LINHA CLARA  S/N - Linha Clara, Teutônia - RS,;;;;95890-000;RS,;
;administrativo@oleosbrasilsul.com.br;(54) 3195-0066;;TIO HUGO-RS;;;;;;
;brunapasquali@apebrun.com.br;(54) 3232-8585;;VACARIA-RS;;;;;;
;antonio@frigorificosape.com.br;(51) 980324811;;Venâncio Aires;;;;;;
;fabio@frigorificokroth.com.br;(51) 3793-4100;;VENÂNCIO AIRES-RS;;;;;;
;chico@frigorificosape.com.br;(51) 3501-5984 (51) 3501-5965;;VENÂNCIO AIRES-RS;;;;;;
;julianabreunig@gmail.com;(51) 3741-1272;;VENÂNCIO AIRES-RS;;;;;;
;silvia@opcaors.com;(51) 3749-0030;;VENÂNCIO AIRES-RS;;;;;;
;frigorificoangus@gmail.com;(51) 99642067;;WESTFALIA-RS;;;;;;
;sulati@sulati.com.br;51 3716 1394;;RuaArthur José Schroeder, 932 São Caetano · Arroio do Meio/RS ;Rua Arthur José Schroeder;932;;95940-000;/RS;
;;;;;;;;;;
;;;;;;;;;;
;;;;;;;;;;
;;;;;;;;;;
;;;;;;;;;;
;;;;;;;;;;
;;;;;;;;;;
;;;;;;;;;;
;;;;;;;;;;
;;62 33757000;Voltou;Rod. GO156, km 0, Zona Rural, Itaberaí – GO.
CEP: 76.630-000.;;;;;GO-;
;andre.silveira@primafoods.com.br;(62) 3385-8500;;Santa Fé de Goiás;;;;76265-000;GO;
;;(34) 3301-9884;;R. Francisco Bernardes de Assis 200 - Jardim Brasilia, Uberlândia - MG,;R. Francisco Bernardes de Assis;200;;38401-360;MG,;
;;(34) 3225-2459;;Uberlândia;;;;;;
;fricopa@uol.com.br;(34) 3211-1521;;R: Republica do Piratini 299 - Marta Helena, Uberlândia - MG,;;;;38402-028;MG,;
;compras@frigconfianca.com.br;(34) 3233-4100;;Rod. BR 050  km 81 - São Jorge, MG,;;;;38410-337;MG,;
;abate@frigorificoluciana.com.br;(34) 3228-2950;;R. Prof. Leônidas Castro Serra 150 - Pres. Roosevelt, Uberlândia - MG,;R. Prof. Leônidas Castro Serra;150;;38401-224;MG,;
;;(34) 3301-9000;;Av. Cel. José Teófilo Carneiro 1001 - São José, Uberlândia - MG,;Av. Cel. José Teófilo Carneiro;1001;;38401-344;MG,;
;nubia.frigorificosaopedro@gmail.com; (34) 3014-2051;;Av. Floriano Peixoto 3057 - Brasil, Uberlândia - MG,;Av. Floriano Peixoto;3057;;38400-704;MG,;
;carlos.antonio@brf.com;(34) 33019947-33019901-32389400;;Av. José Fonseca e Sílva 848 - Jardim Patricia, Uberlândia - MG,;Av. José Fonseca e Sílva;848;;38414-068;MG,;
;eduardo.moura@umg.jbs.com;(34) 3218-0800;;R. Décio Spirandeli Carvalho 205 - Distrito Industrial, Uberlândia - MG,;R. Décio Spirandeli Carvalho;205;;38402-342;MG,;
;fabricio.bueno@primafoods.com.br;(34) 3221-2700;;Av. Rondon Pacheco 3927 - Cazeca, Uberlândia - MG,;Av. Rondon Pacheco;3927;;38400-015;MG,;
;Via Whats;(34) 91961510;;Av. Cesário Alvim 1751 - Nossa Sra. Aparecida, Uberlândia - MG,;Av. Cesário Alvim;1751;;38400-694;MG,;
;;;;;;;;;;
;;;;;;;;;;
;auroraalimentos.com.br;(49) 3445-8300;;Abelardo Luz - SC;;;;89830-000;SC,;
;cocomercial@frigorificodri.com.br;(49) 3524-0347;;gua Doce;;;;89654-000;SC,;
;gerencia.klaus@frigorificoarabuta.com.br; (49) 3448-0506;;Tv. Z 307, Arabutã - SC,;;;;89740-000;SC,;
;possa@auroraalimentos.com.br;(49) 3321-3700;;Chapecó - SC;;;;;;
;;(49) 3321-3000;Voltou;R. João Martins 219 D - São Cristóvão, Chapecó - SC,;R. João Martins;219;;89803-901;SC,;
;mezomo@auroraalimentos.com.br;(49) 3321-2071;;R. Barão do Rio Branco 1272 E - Saic, Chapecó - SC,;R. Barão do Rio Branco;1272;;89802-025;SC,;
;;(49) 2049-0400;;Av. São Pedro 130 D - Centro, Chapecó - SC,;Av. São Pedro;130;;89801-300;SC,;
;contato@carraroalimentos.com.br;(49) 3328-0057;;Chapecó - SC;;;;;;
;cristiane.silva@ecofrigo.com.br;(49) 3319-8200;Voltou;SC 283, KM 08 Rodovia, SC283, Chapecó - SC,;;;;89800-000;SC-;
;;(49) 3323-0340;;n Interior Chapecó;;;;89801-972;SC,;
;;(49) 3321-3700;;Efapi Chapecó;;;;89817-000;SC,;
;emerson-taz;(49) 3321-3000;;R. João Martins 219-D - São Cristóvão, Chapecó - SC,;R. João Martins;219;;89803-040;SC,;
;;(49) 3329-2150;Voltou;R. Heitor Vila Lobos 1545 - Esplanada, Chapecó - SC,;R. Heitor Vila Lobos;1545;;89812-595;SC,;
;sabadini@sabadinicarnes.com.br;(49) 3324-1164;;R. Peru 275 D - Líder, Chapecó - SC,;R. Peru;275;;89805-180;SC,;
;financeiro@frigorificomattei.com.br;(49) 3442-9483;;Concórdia - SC;;;;89700-000;;
;;(49) 3442-5387;;Das Nações Concórdia;;;;89700-000;SC,;
;compras@varpi.com.br;(49) 3442-9100;;RodoviaSC 283 , KM 10 - Distrito de Santo Antônio, Concórdia - SC,;;;;89703-780;SC;
;deisiane@fribaz.com.br;(49) 3552-0134;;Estrada Interior Erval Velho;;;;89613-000;SC,;
;ademar.albino@seara.com.br;(47) 3513-4800;;Gaspar - SC;;;;;;
;;;;SC-479 458, Ipuaçu - SC,;;;;89832-000;SC,;
;contato@frigorificoturmena.com.br;(49) 991829344 /  49 9805-3091;;Irani - SC;;;;89680-000;SC,;
;comercial3@friella.com.br;(45) 3240-8787;;RodoviaPR 497, SN KM 20 - Bairro Linha Lageado Do Cedro - 85.880-000 - Itaipulândia - PR;;;;;PR;
;;(47) 3241-8500;;Rod. Antônio Heil 4155 - Itaipava, Itajaí - SC,;;;;88316-001;SC,;
;eloi.kaiser@seara.com.br;(49) 3678-8001;;R. do Comércio 1399, Itapiranga - SC,;R. do Comércio;1399;;89896-000;SC,;
;marcio.salabotto@seara.com.br;(49) 3194-2037;;Itapiranga - SC;;;;89896-000;SC,;
;dambros@auroraalimentos.com.br;(49) 3202-3100;;Distrito Industrial - Rua Normélio Zilio BR-282, Joaçaba - SC,;;;;89600-000;SC,;
;frigorificodagostini@gmail.com;(49) 3552-0196;;Sete de Setembro Lacerdópolis;;;;89660-000;SC,;
;tatiane.tomazi@seara.com.br;(49) 3251-2003;;Lages - SC;;;;;;
;frigorificoluzerna@hotmail.com;(49) 3523-1775;;Rodovia SC452, s/n - Zona Rural, Luzerna - SC,;;;;89609-000;SC-;
;bodanese@auroraalimentos.com.br;(49) 3664-6300;;BR-282 km610 - Industrial, Maravilha - SC,;;;;89874-000;SC,;
;manutencao@friaves.com.br;(49) 3333-3023 / 33333000 ;;Nova Erechim - SC;;;;89865-000;;
;abatedouropoucopreco@hotmail.com;(49) 3647-1670;;R. Machado de Assis 1, Palmitos - SC,;R. Machado de Assis;1;;89887-000;SC,;
;vinicius.pessoa@seara.com.br;(48) 3381-9000;;São José - SC;Estr. Geral de Alto Forquilhas;3853;;;;
;;(49) 3643-0859;;São José do Cedro;;;;89930-000;SC,;
;compras@frioeste.com.br;(49) 3622-0703;;São Miguel do Oeste;;;;89900-000;SC,;
;santos@auroraalimentos.com.br;(49) 3631-0800;;São Miguel do Oeste;;;;89900-000;SC,;
;;(86) 3219-1576;;São Miguel do Oeste;R. Santa Me. Paulina;3859;;89900-000;SC,;
;;(49) 3197-2000;;São Miguel do Oeste - SC;;;;89900-000;SC,;
;;(49) 3622-7500;;São Miguel do Oeste;Avenida Nagib Francisco;415;;89900-000;SC,;
;roberto.ecker@seara.com.br;(49) 3631-2400;;São Miguel do Oeste;Av. Salgado Filho;69;;89900-000;SC,;
;jefferson@afrib.com.br;(49) 3452-1460;;R. Zacarias Nava 1346 - Centro, Seara - SC,;R. Zacarias Nava;1346;;89770-000;SC,;
;ricardo@frigolaste.com.br;(49) 3452-1905;;SC-283 04, Seara - SC,;;;;89770-000;SC,;
;;;;R. Getúlio Vargas 38, Seara - SC,;R. Getúlio Vargas;38;;89770-000;SC,;
;compras2@frigorificoarvoredo.com.br;(49) 3431-0091;;Rod.SC 480 - Km 03 - - Barro Preto, Xanxerê - SC,;;;;89820-000;SC;
;;(49) 34419000;;Linha Pesqueiro Meio - s/n Xanxerê - SC,;;;;89820-000;SC,;
;;;; Xanxerê - SC;;;;89820-000;SC,;
;;(49) 3446-1000;;Lindóia do Sul - SC;;;;89735-000;SC,;
;;;;Unnamed Road Xanxerê;;;;89820-000;SC,;
;;(49) 3433-0322;;BR-282 1 - São Romero, Xanxerê - SC,;;;;89820-000;SC,;
;anielv@auroraalimentos.com.br;(49) 3353-8650;;R. André Lunardi 830 - Centro, Xaxim - SC,;R. André Lunardi;830;;89825-000;SC,;
;contato@coloninho.com.br;(49) 3353-2573;;Irineu Bornhausem Xaxim;;;;89825-000;SC,;
;gta@frigotitus.com.br;(48) 3657-1628;;Divina Providência São Ludgero;;;;88730-000;SC,;
;telo@lagubras.com.br;(48) 3644 5465 (48) 3644 5466;;km 331 Estr. Geral Barranceira, 101, Laguna - SC,;Estr. Geral Barranceira;101;;88790-000;SC,;
;miguel@irmaosdovalle.com.br;(49) 3244-0027;;Santa Cecília;;;;89540-000;SC,;
;;;;Itajaí / SC;Av. Gov. Adolfo Konder;2100;;;;
;klein@auroraalimentos.com.br;(49) 3346-2100;;RodoviaSC 157 Km - 55, ,, Quilombo - SC;;;;89850-000;SC;
;;;;;;;;;;
;;;;;;;;;;
;;;;;;;;;;
;;;;;;;;;;
;;;;;;;;;;
;;41 34018377;;CURITIBA ;;;;;;
;;16 21055300;thiago.cunha@barramansaalimentos.com.br;Aparecida Alto Paraná;;;;87750-000;PR,;
;;(43) 3276-3686;;R. Pinta Roxa 172 - Vila Cascata, Arapongas - PR,;R. Pinta Roxa;172;;86701-460;PR,;
;contato@frigorificosantabarbara.com.br;(42) 3553-2998;;Av. Paraná 446, Bituruna - PR,;Av. Paraná;446;;84640-000;PR,;
;frantoaldo@hotmail.com;(41) 3677-5250;;Campo Magro;R. Profa. Iolanda Romeu;90;;83535-000;PR,;
;comprasfrigonovak@outlook.com;(41) 3272-1300;;Campo Magro;;;;83535-000;PR,;
;;(42) 3233-1469;;R. João Carvalho de Macedo 14 - Cantagalo, Castro - PR,;R. João Carvalho de Macedo;14;;84178-460;PR,;
;frigorificobertoncelli@hotmail.com;(46) 3242-2244;;PR-281 s/n - Lagoão, Chopinzinho - PR,;;;;85560-000;PR,;
;;(44) 3629-4417;;Estrada para São Lourenço - s/n Km 00 lt 946 Cianorte - PR,;;;;87200-000;PR,;
;financeiro@bigpeixe.net;(43) 3542-3500;;Agua Limpa Cornélio Procópio;;;;86300-000;PR,;
;compras@frigoastra.com.br;(44) 3676-8100;;Cruzeiro do Oeste;;;;87400-000;PR,;
;almoxarifadofrigocruz@hotmail.com;(44) 3676-5190;;Cruzeiro do Oeste;;;;87400-000;PR,;
;johnnyteixeira@hotmail.com;(41) 3274-3838;;Rua Maria Bizinelli 530 - Campo Comprido, Curitiba - PR,;Rua Maria Bizinelli;530;;81210-154;PR,;
;financeiro@frigorificofamiliacosta.com.br;(41) 3207-2950;;Estr. do Ganchinho 4091 - Ganchinho, Curitiba - PR,;Estr. do Ganchinho;4091;;81930-160;PR,;
;;(41) 3339-4640;;R. Papa João Paulo I 221 - Vista Alegre, Curitiba - PR,;R. Papa João Paulo I;221;;82100-130;PR,;
;;(41) 3257-2111;;R. Venezuela 490 - Bacacheri, Curitiba - PR,;R. Venezuela;490;;82510-100;PR,;
;;(41) 3021-3221;;Av. Cândido de Abreu 427 - Centro, Curitiba - PR,;Av. Cândido de Abreu;427;;80530-000;PR,;
;;(41) 3362-2717;;R. Gen. Carneiro 1280 - Centro, Curitiba - PR,;R. Gen. Carneiro;1280;;80060-150;PR,;
;compras@miolar.com.br;(46) 3536-1290;;Santa Luzia Dois Vizinhos;;;;85660-000;PR,;
;;(45) 3525 6272;;Morumbi Foz do Iguaçu;Av. Perimetral Leste;468;;85858-740;PR;
;compras@frigorificomarrua.com.br;(44) 3522-4041;;BR-272 428 - Jaracatiá, Goioerê - PR,;;;;87360-000;PR,;
;;;;Irati - PR;;;;84500-000;PR,;
;;(45) 3240-8787;;RodoviaPR 497, SN KM 20 / Bairro Linha Lageado Do Cedro / 85.880-000 - Itaipulândia - PR;;;;;PR;
;;(42) 3247-6034;;Rod Br 487 Km 54 - Atanazildo, Ivaí - PR,;;;;84460-000;PR,;
;frigocenter.ivp@gmail.com;(43) 3472-2303;;PARQUE INDUSTRIAL Ivaiporã;;;;86870-000;PR,;
;andreia.fiats@hotmail.com;(43) 3559-8100;;Joaquim Távora;;;;86455-000;PR,;
;;(45) 3237-1433;;Lindoeste - PR;;;;85826-000;;
;;(44) 3425-5000;;Rod. PR182 Km 3, s/n - Zona Rural, Loanda - PR,;;;;87900-000;PR-;
;;(44) 3425-4242;;Estr. do Matadouro Mun. 2-70, Loanda - PR,;Estr. do Matadouro Mun.;2;;87900-000;PR,;
;;(43) 3338-4120;;R. Gonçalo Monteiro 216 - Sabará I, Londrina - PR,;R. Gonçalo Monteiro;216;;86066-070;PR,;
;;(46) 991290470;;Marmeleiro - PR;;;;85615-000;PR,;
;frete@friella.com.br;(45) 3240-8700;;Medianeira - PR;;;;;;
;;(45) 3240-8747;;Medianeira - PR;;;;;;
;;(45) 3240-8700;;Medianeira - PR;;;;;;
;;(45) 3240-8747;;Medianeira - PR;;;;;;
;;(45) 3253-2177;;Nova Santa Rosa;;;;85930-000;PR,;
;;(44) 3043-7900;;Gleba Ribeirão Paiçandu;;;;87140-000;PR;
;;(46) 3223-4924;;Pato Branco;;;;85508-280;PR;
;andre@carnesbertinatto.com;(46) 3213-1171;;Rodovia Barão 158 s/n Km 523 cx postal 357 Zona Rural PR,;;;;85504-670;PR,;
;recepcao@primazalimentos.com.br;(47) 3645-0447;;Rio Negro;;;;88830-000;PR;
;frigorificosv@hotmail.com;(49) 3536-0665;;Salto Veloso - SC;;;;89595-000;SC,;
;;(46) 3534-1862;;End.Rodovia PR 281 KM 98 Sâo Jorge D' Oeste - PR;;;;;PR;
;;;;End.Linha São Judas Tadeu Sâo Jorge D' Oeste - PR ;;;;85575-000;PR;
;;;;End.Linha São Judas Tadeu Sâo Jorge D' Oeste - PR Bairro. Linha Progresso ;;;;85575-000;PR;
;;(41) 3283-4700;;São José dos Pinhais;R. Dr. Murici;1501;;83015-290;PR,;
;secretaria.sjp@grupoargus.com.br;(41) 3283-8585;;São José dos Pinhais;R. Noel Gomes de Almeida;1100;;83090-145;PR,;
;manutencao11@friella.com.br;(45) 3240-8767;;São Miguel do Iguaçu - PR;;;;;;
;;(45) 999710625 45 3277-3340;;R. Edvino Frank 2-18 - Centro Industrial Meinolfo H Heiss, Toledo - PR,;R. Edvino Frank;2;18 ;85915-170;PR,;
;sardella.stuany@hotmail.com;(45) 3252-7113;;Toledo - PR;;;;;;
;esplanadamanutencao@hotmail.com;(44) 3056-6233;;R. Santiago 3900 - Jardim Panorama, Umuarama - PR,;R. Santiago;3900;;87501-658;PR,;
;;;;;;;;;;
;;;;;;;;;;
;cleonicepellenz@hotmail.com;(66) 3521-8301;;Alta Floresta - MT;;;;78580-000;MT,;
;;(66) 3552-3107;;A Guarantã do Norte;;;;78520-000;MT,;
;;(66) 98433-7598;;Caminho Vicinal 10 Juína - MT,;;;;78320-000;MT,;
;contato@frigorificojuina.com.br;(66) 3566-2320;;Linha 6 Chacara 110 Zona Rural, Juína - MT,;;;;78320-000;MT,;
;;(66) 3595-3500;;BR-163 Matupá - MT,;;;;78525-000;MT,;
;;(66) 3511-8010;;Matupá - MT;;;;;;
;juliano.camargo@excelenciamt.com.br;(65) 3308-5500;;Industrial Sul Nova Mutum;;;;78450-000;MT,;
;;(65) 3266-9100;;Pontes e Lacerda;;;;78253-000;MT,;
;manutencao.agra@agraagroindustrial.com.br;(66) 2101-2200;;Rondonópolis - MT;;;;;;
;diogo.bonifacio@suinobras.com.br;65 3027-3500;;Av.Historiador Rubens de Mendonça, 2368 - Ed.Top Tower - Sala 1502 Bosque da Saúde - Cuiabá/MT - CEP: 78.050-000;Av. Historiador Rubens de Mendonça;2368;;;/MT;
;;66 3027-9500;;Rod.BR 364 KM 600 - Zona Rural Pedra Preta/MT - CEP: 78.795-000;;;;;/MT;
;luan.silva@suinobras.com.br;(65) 3337-3600;;Rod.BR 364 KM 600 - Zona Rural Diamntino/MT - CEP: 78.400-000.;;;;;/MT;
;Whats;(66) 3905-1940;;Setor Comercial Av. das Embaúbas, 828 - St. Industrial Sul, Sinop - MT,;Av. das Embaúbas;828;;78550-110;MT,;
;;(66) 3515-6089;;Sinop - MT;;;;;;
;compras2@nutribrasalimentos.com.br;(66) 3545-4250;;Anel Viário Norte S/n - Zona Rural, Sorriso - MT,;;;;78890-000;MT,;
;;(65) 3311-8000;;Tangará da Serra - MT;;;;78300-000;MT,;
;;(65) 3311-3800;;RodMT 358, km 5, Setor W, VilaEsmeralda I,, Tangará da Serra - MT;;;;78300-000;MT;
;compras@163beef.com.br;(65) 3028-9550;;Várzea G - MT;;;;;;
;;;;;;;;;;
;;;;;;;;;;
;;;;Frigorificos FRIMESA;;;;;;
;andersonsilva@frimesa.com.br;45 3264-8000;;Medianeira - PR;Rua Bahia;159;;;;
;;47 3533–5183;;Aurora - SC;Rua Francisco Klaumann;175;;;;
;flavio@frimesa.com.br;46 3552–1966;;Capanema - PR;Av. Geraldo Fulber;347;;;;
;;45 3284–8000;;Marechal Cândido Rondon - PR;;;;;;
;oscarluis@frimesa.com.br;45 3262–8000;;Matelândia - PR;Estrada Waldemar Justen;1157;;;;
;jsilvaufq@frimesa.com.br;45 3284-4955;;Marechal Cândido Rondon - PR;;;;;;
;compras.apms@frigosul.com.br;(67) 3565-9000;;Aparecida do Taboado - MS;;;;;;
;;;;;;;;;;
;;;;;;;;;;
;compras@frigoalas.com.br;(75) 3182-3000;;Est. Narandiba Fazenda Sra. Santana - Narandiba, Alagoinhas - BA,;;;;48107-000;BA,;
;;(77) 3614-5000;;R-020 s/n - Distrito Industrial, Barreiras - BA,;;;;47800-000;BA,;
;;(71) 3507-0970 71 / 99700-9666 | 71 99991-9666 | 71 99680-9666;;Simões Filho;;;;43700-000;BA,;
;andre.dekarvalho@gmail.com;(73) 99953-5300;;Centro Eunápolis;Avenida Ruy Barbosa;479;;45820-970;BA,;
;compras@campodogado.com.br;75 3624.5987 | 3221.2769;;Feira de Santana - BA;R. Heráclito Dias de Carvalho;1301;;;;
;;(75) 3683-1099;;Feira de Santana;;;;44135-000;BA,;
;suprimento@confrigo.com.br;(77) 21013360;;Av. Paralela 2342, Itapetinga - BA,;Av. Paralela;2342;;45700-000;BA,;
;frigorificovaledosol@hotmail.com;(73) 98866-1404;;Jequié - BA;;;;;;
;;74 99800.2769;;LOTEAMENTOTABULEIRO, S/N, RODOVIA BA 210, KM 01;;;;;BA;
;;(71) 3379-4148;;Lauro de Freitas;Av. Luiz Tarquínio Pontes;52;;42700-000;BA,;
;suprimentos@grupobss.ind.br;(71) 3252-0000;;Picuaia Lauro de Freitas;;;;42700-000;BA,;
;;77 3639-0279 / 77 9.9830-0204 ;;Luís Eduardo Magalhães;;;;47850-000;BA,;
;;(74) 3627-2629 / (74) 99969-9389;;Miguel Calmon - BA;;;;44720-000;;
;almoxarifado@frijacuipe.com.br;(75) 3264-3690 (75) 3264-3725;;Riachão do Jacuípe - BA;;;;;;
;;(71) 3307-8141;;Av. Afrânio Peixoto 36 - Paripe, Salvador - BA,;Av. Afrânio Peixoto;36;;40800-570;BA,;
;;(71) 3211-4486;;R. da Etiópia 5 - Jardim Cajazeiras, Salvador - BA,;R. da Etiópia;5;;41230-110;BA,;
;;(71) 3215-7203;;Estrada Campinas de Pirajá 105 - Campinas de Pirajá, Salvador - BA,;Estrada Campinas de Pirajá;105;;41280-117;BA,;
;comprastf@frisa.com.br;(73) 3311-3311;;Teixeira de Freitas;;;;45995-000;BA,;
;frigorificoaraujo2009@gmail.com;(75) 3641-4072;;R. Álvaro Maciel 737, Valença - BA,;R. Álvaro Maciel;737;;45400-000;BA,;
;suprimento01@confrigo.com.br;(77) 2101-3399;;Vitória da Conquista;;;;45025-906;BA,;
;;;;;;;;;;
;;;;;;;;;;
;;;;;;;;;;
;;(28) 3536-7059;;zona rural Anchieta;;;;29230-000;ES,;
;;(28) 3536-3648;;Av. Zumira Rosa Antunes 656 - Justica, Anchieta - ES,;Av. Zumira Rosa Antunes;656;;29230-000;ES,;
;;;;Barra de São Francisco;R. Ver. Lacy Costa;417;;29800-000;ES,;
;alessandra@cofril.com.br;(28) 3200-5010;;Cachoeiro de Itapemirim-ES;;;;29314-020;;
;faturamento@maisboi.com.br;(27) 3344-3020;;R. das Mangueira 120 - Vila Independência, Cariacica - ES,;R. das Mangueira;120;;29148-605;ES,;
;frigorificovitoria@fvdistribuidora.com.br;(27) 3434-5151;;Rodovia Governador José Sette km13 S/N - Porto de Cariacica, Cariacica - ES,;;;;29156-700;ES,;
;almoxarife02@mafrical.com.br;(27) 3089-9700;;Cariacica - ES;;;;;;
;atendimento@dfrango.com.br;(27) 3344-7123;;R. Rosa Paula Paulina 25 - Santa Bárbara, Cariacica - ES,;R. Rosa Paula Paulina;25;;29145-290;ES,;
;compras@corella.com.br;(27) 3090-0202;;Rua São Paulo Apóstolo 16 - Tucum - Cariacica - ES, - Lote A2 - Tucum, Cariacica - ES,;Rua São Paulo Apóstolo;16;;29152-395;ES,;
;;(27) 3254-2285 (27) 3254-1765 (27) 99910-0928;;Vila Independência Cariacica;;;;29148-611;ES,;
;;(27) 3226-0929;;Av. Leopoldina 1048 - Campo Grande, Cariacica - ES,;Av. Leopoldina;1048;;29146-430;ES,;
;;(27) 3236-6259;;R. da Assembléia 23 - Porto de Santana, Cariacica - ES,;R. da Assembléia;23;;29153-084;ES,;
;camila.lozorio@uniaves.com.br;(28) 3542-8400;;R. Felinto Elysio Martins nº 1000, Castelo - ES,;;;;29360-000;ES,;
;;(27) 3723-3200;;Av. Fioravante Rossi 4000 - Honório Fraga, Colatina - ES,;Av. Fioravante Rossi;4000;;29704-426;ES,;
;;(27) 3327-5622;;ES-185 Guaçuí - ES,;;;;29560-000;ES,;
;;;;Linhares - ES;;;;;;
;compras@proteinorte.com.br;27 2103.1133;;Linhares - ES;Rua Henrique Coimbra;469;;29903-105;;
;financeiro@frimont.com.br;(27) 3754-1391;;Av. Nossa Sra. Aparecida s/n - Angelo de Pollo, Montanha - ES,;;;;29890-000;ES,;
;compras@forteboi.ind.br;(27) 3267-1144  Ramal - 230;;Rod. Gov. Mário Covas KM 228 - Centro, Fundão - ES,;;;;29185-000;ES,;
;saudaveis@hotmail.com;(27) 3263-0035 (27) 3140-0035 (27) 99981-0837;;Santa Maria de Jetibá-ES;;;;29645-000;;
;;(27) 99963-1697;;São Mateus - ES;;;;;;
;;(27) 3228-3000;;R. Ilma Henriques 2 - Jardim Limoeiro, Serra - ES,;R. Ilma Henriques;2;;29164-082;ES,;
;;(27) 3338-5195;;R. Nove 289 - Das Laranjeiras, Serra - ES,;R. Nove;289;;29161-831;ES,;
;;(28) 3525-1047;;Vargem Alta - ES;;;;29295-000;ES,;
;;(27) 3344-6845;;R. Rio de Janeiro 13 - Areinha, Viana - ES,;R. Rio de Janeiro;13;;29135-000;ES,;
;frigorificozucoloto@hotmail.com;(27) 3011-9373;;Viana - ES;;;;29135-000;ES,;
;;(27) 3246-1516;;Parque Industrial Viana;;;;29135-000;ES,;
;;(27) 3391-0985;;Vila Velha;R. José Rosalém;5;;29105-645;ES,;
;;(27) 3316-9585;;Vila Velha - ES;;;;;;
;;(27) 3349-2883;;Vila Velha;Av. Sérgio Cardoso;120;;29104-233;ES,;
;;(27) 3286-2408;;Vila Velha;R. Anhanguera;287;;29100-000;ES,;
;;;;;;;;;;
;;;;;;;;;;
;;;;;;;;;;
;;(21) 2757-5710;;Duque de Caxias;Av. Arthur Antônio Sendas;30;;25585-021;RJ,;
;;(21) 2513-0148 | (21) 2523-7639;;Rio de Janeiro;;;;22765-240;RJ,;
;;(21) 2574-1414;;Rio de Janeiro;R. Sotero dos Reis;13;;20270-200;RJ,;
;;(21) 2234-9266;;Rio de Janeiro;R. Sotero dos Reis;31;;20270-200;RJ,;
;;(21) 96922-0008;;Rio de Janeiro;R. Ana Neri;1183;;20960-002;RJ,;
;;(21) 2584-7092;;Rio de Janeiro;R. da Soja;74;;21011-100;RJ,;
;;(21) 3847-3877;;Rio de Janeiro;Av. Pref. Sá Lessa;471;;21530-040;RJ,;
;;;;Rio de Janeiro;Av. das Américas;700;;22640-100;RJ,;
;;(21) 3889-2700;;Rio de Janeiro;Rua do Trigo;87;;21011-690;RJ,;
;;(21) 2755-9901;;São João de Meriti;Av. Arthur Antônio Sendas;1752;;25585-020;RJ,;
;;(21) 3753-4981;;São João de Meriti;R. Maria Gonzaga;19;;25535-482;RJ,;
;;;;;;;;;;
;;;;;;;;;;
;;;;;;;;;;
;;;;;;;;;;
;;(19) 3811-7023;;Rua Benedito Pereira 415 SP,;Rua Benedito Pereira;415;;13840-000;SP,;
;valdemirclaro@transui.com.br;(19) 3877-2129 (19) 97402-2894;;Artur Nogueira;R. São Bento;613;;13160-000;SP,;
;compras@fribordogue.com.br;(14) 3662-9610;;Rodovia Deputado Leônidas Pachêco Ferreira Km 327, s/n - Zona Rural, Bariri - SP,;;;;17250-000;SP,;
;corporativa@minervafoods.com;(17) 3321-3355;;Av. Antônio Manso Bernardes S/N - Chácara Minerva, Barretos - SP,;;;;14781-545;SP,;
;suprimentos.bauru@zanchetta.com.br;(14) 2106-1833;;Av. Rosa Malandrino Mondelli 7 - Núcleo Habitacional Mary Dota, Bauru - SP,;Av. Rosa Malandrino Mondelli;7;;17025-779;SP,;
;;(14) 3239-1833;;Av. Rosa Malandrino Mondelli 1000 - Nucleo Hab. Mary Dota, Bauru - SP,;Av. Rosa Malandrino Mondelli;1000;;17025-779;SP,;
;compras@stoignacio.com.br;(14) 3653-1375;;RodSP 225 Km 110,5, s/n - Campo Alegre - Brotas/SP;;;;;SP;
;compras@frigorificoraja.com.br;(11) 2104-7300;;Av. Francisco Pignatari 17 - Vila Gustavo Correia, Carapicuíba - SP,;Av. Francisco Pignatari;17;;06310-390;SP,;
;;;;R. Ver. Aurélio Garcês Novaes 357 - Itagaçaba, Cruzeiro - SP,;R. Ver. Aurélio Garcês Novaes;357;;12730-130;SP,;
;;(17) 3833-2800;sidoval.silvestrin@frigoestrela.com.br;R. Mato Grosso 670 - zona rural, Estrela D'Oeste - SP,;R. Mato Grosso;670;;15650-000;SP,;
;;011 2858-4094 - 014 3382-3547;;Estradade Acesso de Fartura à SP287, sn Bairro dos Veados, Fartura - SP ;;;;18870-000;SP;
;contato@dompeter.ind.br;(17) 3222-6661 (17) 3304-2216;;Rod. Assis Chateaubriand S/n - Luzitânia, Guapiaçu - SP,;;;;15110-000;SP,;
;;(14)3586-1689;;Av. Silvio do Prado Queiroz 1, Guarantã - SP,;Av. Silvio do Prado Queiroz;1;;16570-000;SP,;
;;(19) 3843-1269 / 2375 ;;Estrada Municipal Abatedouro União - La Motel Seducao s/n - Centro, Itapira - SP,;;;;13970-030;SP,;
;matheus.fantin@itabom.com.br;(14) 3664-9100 - (14) 3664-9022;;Itapuí - SP;;;;;;
;heitor.fernandes@marfrig.com.br;(11) 45937400;;Via de Acesso Shuhei Uetsuka s/n - Km 2, Promissão - SP,;;;;16370-000;SP,;
;tiago.blanco@frigol.com.br;(14) 3269-3900;;Lençóis Paulista - SP;R. Europa;46;228 ;;;
;;(17) 3268-1342 ;;Um Onda Verde;;;;15450-000;SP,;
;;(17) 3567-9090;;Rodovia Anel Viário Paulino Alberguini, Nº 110 - Jardim São Paulo, Paraíso - SP,;;;;15825-000;SP,;
;;(18) 3269-9999;;Rod.Assis Chateaubriand, s/n km 476 Área Rural de Pirapozinho/SP - ;;;;19200-000;/SP;
;contato@frigopoti.com.br;(17) 3249-3131;;Rdv Vicinal Abel Pinho Maia KM 11,5, Potirendaba - SP,;;;;15105-000;SP,;
;compras2@bonmart.com.br;(18) 3901-3500;;Av. Ana Jacinta 335 - Jardim Bon-Mart, Pres. Prudente - SP,;Av. Ana Jacinta;335;;19027-380;SP,;
;;(18) 3265-9510;;RodoviaSP 284, S/N - Água das Lavadeiras, Rancharia - SP,;;;;19600-000;SP;
;;(19) 3406-2687;;R. Iacanga 1105 - Jardim Ipiranga, Santa Bárbara d'Oeste - SP,;R. Iacanga;1105;;13468-590;SP,;
;contato@bafari.com.br;(14) 3332-2800;;Cruz do Rio Pardo;R. Eufrosino Martins;215;;18900-000;SP,;
;contato@frisil.com.br;(11) 4705-9800;;Santana de Parnaíba;R. Florianópolis;333;;06529-302;SP,;
;;(11) 4422-7200;;Santo André;R. Acarape;559;;09185-490;SP,;
;;(11) 4176-7000;;São Bernardo do Campo;Av. Cézar Magnani;971;;09694-000;SP,;
;;(11) 4239-4068;;São Caetano do Sul;R. Vinte e Oito de Julho;25;;09520-600;SP,;
;compras@fcardeal.com.br;(11) 4227-9600;;São Caetano do Sul;R. Mariano Pamplona;305;;09520-440;SP,;
;;(16) 3375-3199;;São Carlos;Rua Elizário Fernandes de Araújo;432;;13572-130;SP,;
;;(17) 3236-2066;;José do Rio Preto;R. XV de Novembro;3171;;15015-110;SP,;
;;(11) 2618-3103;;São Paulo;R. da Mooca;1736;;03103-000;SP,;
;;(11) 2545-6510;;São Paulo;Rua Rio Farias;56;;03813-370;SP,;
;wbarbosa@arfrio.com.br;(11) 5501-6600;;São Paulo;R. Dr. Geraldo Campos Moreira;240;;04571-020;SP,;
;;(11) 2056-5198;;São Paulo;R. Italina;492;;08290-705;SP,;
;;(11) 5563-9531;;São Paulo;R. Charles Darwin;459;;04379-060;SP,;
;compras@frigbrasil.com.br;(11) 2951-4005;;São Paulo;R. Combate da Lagoa Branca;150;;02141-080;SP,;
;;(11) 3831-2401;;São Paulo;Rua Dr. Seidel;300;;02675-031;SP,;
;contato@frigorificotorres.com.br;(11) 5011-1255;;São Paulo;Av. Gen. Valdomiro de Lima;125;;04344-070;SP,;
;fabianomilano@uol.com.br;(11) 3806-0000;;São Paulo;R. Padre Senepa;224;;04264-100;SP,;
;;(11) 3831-6000;;São Paulo;Rua Baumann;300;;05318-000;SP,;
;;(11) 2024-6060;;São Paulo;Av. Vila Ema;2205;;03281-000;SP,;
;jose.marques@barramansaalimentos.com.br;(16) 2105-5300;;Sítio Nossa Senhora Aparecida s/n - Zona Rural, Sertãozinho - SP,;;;;14160-970;SP,;
;juliana@frigorificosuzano.com.br;(11) 4748-0878;;Estr. do Mizukami 410 - Estância Americana, Suzano - SP,;Estr. do Mizukami;410;;08630-210;SP,;
;;(15) 3282-3833;;R. Vila Nova 1797 - Vila Nova, Tietê - SP,;R. Vila Nova;1797;;18530-000;SP,;
;;(11) 4596 - 8400;;Rodovia SPA-053/332 s/n Do R. Arnoldo Gut Jr., SP,;;;;13226-400;SP,;
;;(17) 3405-9500;;Votuporanga - SP;Av. Dr. Augusto Ap. Arroyo Marchi;3545;;15507-000;;
